,Accuracy,Precision,Recall,F1 Score,ROC AUC Score,Log-loss
Logistic Regression,0.7510726736390453,0.7449678394453164,0.6291666666666667,0.6821441010658411,0.8120523923132007,0.5620795693865646
K-nearest Neighbors,0.9451662644140519,0.9322642558264912,0.9392857142857143,0.9356749482449087,0.9568703093585611,1.4434209050904623
Decision Tree,0.8392754983462949,0.8041027021809187,0.8232142857142858,0.8121588135308189,0.9047984444283786,1.0791133282615069
Random Forest,0.8915871738880587,0.8630833583033353,0.880952380952381,0.8739987250293122,0.9546953148668373,0.313506189831674
Support Vector Machine,0.7819117215134914,0.7637610922418718,0.7047619047619048,0.7329027807381661,0.8398874188676819,
Naive Bayes,0.7376767038271463,0.7504284908754808,0.5726190476190476,0.6494601932224686,0.8131309213968988,0.5630760865459041
XGBoost,0.8599982122106017,0.8433645734765418,0.8232142857142858,0.8331272670422551,0.9215350905881919,0.3605179383041711
