,Accuracy,Precision,Recall,F1 Score,ROC AUC Score,Log-loss
Logistic Regression,0.7530944718997816,0.7450167315425935,0.636904761904762,0.6865060789189595,0.8237229061665152,0.5459741786099357
K-nearest Neighbors,0.9492101801836315,0.9399584252320334,0.9404761904761905,0.9401453790589533,0.9574847905592737,1.3992472225852952
Decision Tree,0.8698553167579718,0.8935652761831854,0.7910714285714286,0.8366509943309245,0.9361765850064723,0.8130212835568733
Random Forest,0.9588134824860489,0.9587509707665058,0.9464285714285714,0.9531643712651379,0.9929648411321343,0.11480208064952269
Support Vector Machine,0.9259577443205762,0.9202460640216874,0.9047619047619048,0.9121885070482374,0.9389924301366971,
Naive Bayes,0.7194827542172675,0.7973252773188623,0.4547619047619048,0.5790983569065771,0.8281394448805163,0.6615027705437382
XGBoost,0.9524949239551009,0.942485783950939,0.9458333333333334,0.9441227861634209,0.9805855383651437,0.1603538053938854
