,Accuracy,Precision,Recall,F1 Score,ROC AUC Score,Log-loss
Logistic Regression,0.548863476739583,0.5229604825070912,0.7089285714285715,0.5642576071659363,0.6618769852745418,0.651889957307697
K-nearest Neighbors,0.9342926738944438,0.9273467693711389,0.9172619047619047,0.9221876452486321,0.9643343406019629,0.9619182679286936
Decision Tree,0.9176141950478234,0.9192286623476992,0.8791666666666667,0.9011902985256949,0.9512165286154948,1.0070421652648507
Random Forest,0.9557739212606469,0.9735077984271918,0.9166666666666666,0.9430697162801838,0.9919392259265379,0.15926254890118283
Support Vector Machine,0.9064938257416134,0.9058583225873938,0.8702380952380953,0.8876564963022929,0.9568196705132795,
Naive Bayes,0.6641308789538878,0.8177927058038701,0.26845238095238094,0.40381543356659283,0.6197316953097028,1.294264903257088
XGBoost,0.9641139588042243,0.9677901571463894,0.9470238095238097,0.9572628948917348,0.9899062703691464,0.116856491707129
